x0,x1,x2
0.5826312398654315,0.4758419675008657,0.47837135946677056
-0.4848911358921566,1.3545527693901815,1.3424214308340818
5.373183882853801,17.29946728259034,24.842366794976087
-3.4822923509789,-3.252247167555053,2.5436138013800416
0.6800630982108683,0.6740765609311026,0.3758862531805581
0.5130072694914778,0.5259784560948134,0.5485898959054439
0.6941669136592375,0.3563535975759421,0.3606239103010926
-4.081460554391141,2.8321308517343575,2.6838948898557202
5.2769094082306,7.193303547682671,27.599092597233856
-0.3849943238886788,-0.37454979139351385,1.2773585701955736
0.5783601952020854,0.5693896562089428,0.48274942172500207
0.49752280559134265,0.5531271089755451,0.5638801383820075
1.042614821594912,-0.05404801556356786,-0.05521476242950169
113.63398248806206,5.769103556155491,4.71839462213764
3.3623914944895885,3.6652594887909524,-8.94614799868288
0.27210767336397246,0.26823592986692885,0.7739884803671943
0.5504424481919932,0.5335457596755812,0.5111374591358123
0.42817977213256786,0.6240859799486186,0.6309506444131757
1.995467233224568,-1.6833985328759566,-1.7673664831082323
19.949694649790892,11.527164315467116,5.6290320987970475
1.692801761644938,1.7252072515552446,-1.1005696736357293
0.4528855608323703,0.4493475316383442,0.6073136688262729
0.5535529874178807,0.5108654088149003,0.5079940620948554
0.18584759138903034,0.8453603321000295,0.8486737041894403
3.8561071956476667,-15.955189509485923,-18.307479772945943
-47.17703378812502,-39.81222371509571,4.25377504133944
0.9245820341136235,0.9227918008644853,0.09455194638980041
0.5041715276894568,0.5053260063448419,0.5573290825971166
0.5925239818801131,0.46514966496076066,0.46819461875710594
-0.723151553727301,1.5071742335882572,1.4876847735891972
5.52495602483641,13.98423222968584,21.62402673147659
-2.5570514764051264,-2.4118778813971655,2.280649589339312
0.6553939666178388,0.6490047524547575,0.4023172913814973
0.5125451400667781,0.5293118173605317,0.5490479188382308
0.7264499762479382,0.32108347263459536,0.32526728270524796
-5.6957883350560525,3.186309060668895,2.9803482621994215
5.048337288366977,6.513628955464175,38.57850662515328
-0.21598345086373533,-0.21077114888888349,1.16109540302004
0.570991719187842,0.5612982526780742,0.4902805360524253
0.49167634490831863,0.559761201167802,0.5696230634667533
1.1388445664895461,-0.18058542341941558,-0.18494379007691256
42.855043359037914,6.378708248042025,4.9947832367579394
3.0451217081606776,3.265567600279435,-6.13212698566349
0.3169116428311475,0.3127638096997756,0.734000824696651
0.5492230031324282,0.5300269472811022,0.5123684581975968
0.40725582179112957,0.6442782313331058,0.6507498970014449
2.2284531435796566,-2.266185784415761,-2.3981286089406746
21.197103248535214,13.46929252406265,5.54950270812598
1.5209492478776028,1.542326328836154,-0.7809076000965345
0.465786987792451,0.46264657070917775,0.5948572457150753
0.556583479502707,0.5063527125542474,0.5049268704496168
0.11207455305587187,0.908155647660424,0.9102539174870783
4.185520893328699,-32.23481971595301,-37.9642828383691
-20.786499679020316,-18.02378584273496,3.925796524267204
0.8607723298311537,0.8576842886006184,0.17154686081977374
0.5074178051978344,0.509962470230135,0.5541226984806005
0.604495671128434,0.4523494778737555,0.4558113270886072
-1.0265034280748058,1.684503579787415,1.6547309770858494
5.617504080315022,11.879997167071568,20.11878452607045
-1.8850192492628273,-1.7926882570097662,2.042379920822086
0.6348196017640622,0.6280383941887672,0.42410759500357254
0.5114511454783358,0.5327860472104262,0.5501317763231762
0.7649856746356437,0.2783311797959771,0.2822769874541864
-8.226592414137588,3.578049341088342,3.2945439538344465
4.7792351363689916,5.8932363299991035,82.08801264648864
-0.08024286942175941,-0.07850884878806048,1.0615981434778818
0.5649885857160264,0.554436277082773,0.49639568089976865
0.48446345047177736,0.5675729027328735,0.5766855702120193
1.2514108155343033,-0.3370874137758964,-0.3462473771404974
29.13443151775289,7.044591446869372,5.232658342056418
2.744554591649469,2.9035356416131224,-4.369087453613844
0.35374784030324635,0.3494851211421407,0.7004876652556328
0.5486353421278358,0.5266735751312719,0.512961420514653
0.38187758236000713,0.6684249611421811,0.6744984522760408
2.4863154611514124,-3.052183196399697,-3.260778277970759
23.96063582801472,16.447715013769155,5.409754688529987
1.371258888155795,1.3847392474230409,-0.5304680680917172
0.4763949107833335,0.4737482161864411,0.5845563822629288
0.560495154959836,0.5011862680120803,0.5009609675082807
0.021549559460776472,0.982660459002801,0.9830872565802746
4.504188451558464,-203.59957854192004,-247.45192285424986
-12.168887908893712,-10.79154468757501,3.5946939892751804
0.8069510004086703,0.8029065911404196,0.23445879633805977
0.5098527892177508,0.5140708616122391,0.5517142716286786
0.618937933844875,0.4369822465413163,0.4407726221998175
-1.4178521312903138,1.8893181880545797,1.8452272614706127
5.647064607926501,10.387482852297508,19.692450391388196
-1.3828824271849176,-1.32417900452608,1.8292243547489082
0.6176913849440994,0.6105043085230646,0.44207498655629446
0.5096870578841786,0.5365204220522524,0.551878287051974
0.8108914331896533,0.2264130595487655,0.22991394748579483
-12.631017829473748,4.00765660079003,3.6208688179576565
4.4795343590155605,5.320670285384389,-177.9160591245225
0.029436269871182346,0.028862974204287996,0.9768573911218623
0.5601497180084047,0.5485720045493095,0.5013115047929029
0.47562758637502645,0.5768250698327242,0.5853032868169677
1.3823695371329117,-0.5318593756523162,-0.5482483351156678
23.661596527373252,7.784786398257524,5.422924740684051
2.464970680011722,2.578493755206515,-3.1813443277917726
0.38407514578965884,0.3798200448841229,0.6724533982785026
0.5486594939694258,0.5233703245815335,0.5129370541951417
0.351080013636186,0.6972927561332932,0.7029344863852117
2.767682318409412,-4.149226413975859,-4.483852231092471
29.7897237197794,21.783059986899367,5.21541216811703
1.2418346654455423,1.2496759069386638,-0.33210030302032606
0.48509131468509875,0.48304844376398404,0.5760717881559214
0.5654199945202789,0.4951857165267731,0.4959568341027811
-0.08997935621526673,1.0708253677957948,1.0689279687173414
4.801839935635778,59.06320356071455,74.56581370281495
-7.975985748248841,-7.206478753137563,3.269086598836626
0.7616745680070793,0.7569068376984305,0.2860050226565946
0.5115617770600382,0.5177938815649269,0.5500221964117086
0.6363183636618902,0.4184920336774814,0.4225279563615883
-1.931296269176644,2.1243004756903683,2.0603669941523934
5.612427669779074,9.240368992087207,20.194428758646623
-0.9995771581720088,-0.9626142565632446,1.6406395915435048
0.6034611287057794,0.5958326269995945,0.45688438991929914
0.5071911649176222,0.5406428711782231,0.5543467199874621
0.8654503768864894,0.1632284509473281,0.16599230040114166
-21.865939173061435,4.475224668153082,3.952056552237698
4.159644256516682,4.789921083541025,-35.27490001717576
0.11849142912066646,0.11639884567503957,0.9049786566987243
0.5563123600710347,0.5435066200262125,0.5052014618436957
0.46485263873009863,0.5878273905649098,0.5957619971413934
1.533752394934128,-0.7761622492273242,-0.8034747007568274
21.053070464207188,8.630249300908593,5.558070957359589
2.209048589533845,2.289212002665388,-2.3408400418857993
0.4090674321694977,0.40491909522249203,0.6490435397886736
0.5492962807524394,0.5200033705071232,0.5122945073568852
0.31366902202966346,0.7317826582059618,0.736923138495576
3.069753847706167,-5.757290716656095,-6.307954314666617
44.80617671905984,34.51101138531549,4.9741313329269605
1.1306390580961985,1.1344582359346176,-0.17359859530333346
0.4921871457204474,0.4908769294342784,0.5691219651647929
0.5715235926991767,0.4881408801246987,0.48973785264104525
-0.22806930095033995,1.1748291197432554,1.1696812775788146
5.068078838451216,28.166321877225453,37.233522592109175
-5.541554015310684,-5.085111874072036,2.9561151519362214
0.7236736079372786,0.718337371911246,0.3283313130944461
0.5126045387642308,0.5212605284885282,0.5489890537816963
0.6571925851691139,0.39620318691343126,0.4004014798069821
-2.61981100106831,2.3919015913947055,2.3006266108983966
5.515010248298088,8.303274827359427,21.803313063602346
-0.7021137468374722,-0.6793686267283185,1.4753869658827146
0.5916677484889308,0.5835417057404102,0.4690774339560572
0.5038760268850695,0.5452942633186834,0.5576206976792757
0.9301198799258118,0.08613700595073663,0.08774244898438897
-51.75408148262575,4.981135673293701,4.279382554061401
3.829798861731455,4.298251828208438,-17.493182265296262
0.19108726462130218,0.18801040263509422,0.8442210785005005
0.5533470271479151,0.5390678305880434,0.5082023485312704
0.4517503865458178,0.6009457931790672,0.6084059513019219
1.7074372236541475,-1.085643218804414,-1.1295672435734578
19.89737708286545,9.633792661450265,5.632650469282213
1.9780578901708121,2.033912764901824,-1.724789393133923
0.4296736448469251,0.4257187938373471,0.6295294140025522
0.5505673447038727,0.516456461472208,0.5110113370511895
0.2681600467564942,0.772949357019536,0.7774718084979556
3.3881164337452025,-8.295097576138858,-9.240593801020706
133.75449750303363,107.53395084849656,4.695109271851879
1.0356187875175435,1.0365671660574716,-0.04605882874509046
0.4979346518181272,0.49750973925959635,0.5634749636400314
0.5790103107237623,0.4798040274832821,0.48208362131797
-0.40009762885649286,1.297067458852385,1.2873632232978918
5.293039400772765,19.377433348668713,27.08610950647464
-3.9788151358410757,-3.6983919900421878,2.6612588704034543
0.6918433840998877,0.6860363428167563,0.36314594105314857
0.5130175066152404,0.5245906563427322,0.5485797485449012
0.68221778415021,0.36929132144455173,0.3735617436808821
-3.5702408732130113,2.694200544688557,2.565498199249101
5.358770628320644,7.50138339771189,25.21230425064536
-0.4682638235206098,-0.4548930888692286,1.3317710723590974
0.5819251781383636,0.5732246206482141,0.4790957597851469
0.4996252478326464,0.5506331209259784,0.5618108943105828
1.0065336316678408,-0.008210231494894436,-0.008379691236033401
679.8085604646463,5.5268620292010215,4.59303714096148
3.499460854640128,3.8447070679029394,-10.67837998383797
0.2504556189837034,0.24676184397051878,0.7930156100724924
0.5511533941276473,0.5351041987454358,0.5104194322822075
0.4358445759569623,0.6166133953348677,0.6236476682248765
1.9049773686384204,-1.4827094742454543,-1.5521315223478866
19.74088585881473,10.887875007732337,5.643622614312256
1.7721104007771045,1.8103627779572382,-1.2613393035556428
0.446663864558605,0.4429848902934279,0.6132928954703085
0.5525158719879826,0.5126068412850543,0.5090426740084659
0.2126959067014225,0.8220214732136153,0.8257450803261707
3.716670281031712,-12.815484985040516,-14.56453136567272
-85.81484810674387,-71.48139293447036,4.388481912896631
0.9547918534097898,0.9536840901984245,0.05715148115787469
0.502537225760651,0.5031798043661431,0.5589413631825758
0.5881296304411614,0.4698804981447731,0.4727213661710526
-0.6160444417229264,1.4401261848724811,1.4240351848740953
5.468029938584481,15.174511783167674,22.70381536693675
-2.908900595004207,-2.732959948990291,2.388317100523396
0.6652304620613388,0.6590077576538003,0.3918183034744978
0.5128150889156274,0.5278992078365303,0.5487803814153634
0.7121678014042665,0.3367459732915774,0.34098222405005624
-4.93521575124303,3.032786182386104,2.8532241942062244
5.1499611449304314,6.791377350420892,32.630557079110915
-0.2825270672381727,-0.2753705935041666,1.2078378189591814
0.573911686224831,0.5645372552360158,0.4872994421859571
0.49428904907236154,0.556840962679495,0.5670586647589922
1.0964942106447975,-0.1241090299648599,-0.126964636127073
56.53740211786796,6.116157404283042,4.882653048468773
3.1768446263228736,3.429079089236086,-7.144716217929923
0.2991326316491222,0.295078376315827,0.7499690705628087
0.5496570672571817,0.5314800919957308,0.5119303670007239
0.4165507892951359,0.6353430314332102,0.6419791818484852
2.127387699050428,-2.000659967242673,-2.1097303379059444
20.529243427718537,12.564232673204803,5.590536421023207
1.590433192556642,1.616007222008142,-0.90571219708508
0.4606646826951652,0.45734595663594513,0.5998122339127875
0.5552079759928559,0.5083209707096653,0.5063196054608693
0.14493719870630298,0.8804205270843237,0.8830763095270343
4.047699578006908,-22.94879042912205,-26.716972918565684
-27.770119207430085,-23.8207627597665,4.064672534890339
0.8863053216053186,0.8837139793092884,0.14105813033503006
0.5061570944902157,0.5080854649127314,0.5553685249077304
0.5991833745501319,0.4580177357983609,0.46131548544276413
-0.8897059084178982,1.6067267539883852,1.581699439010434
5.586091235392715,12.667358759486646,20.598990355655275
-2.143134970629132,-2.0314933361331,2.139538646704705
0.643018581884478,0.6364026126908124,0.41545143041860316
0.5119902138462399,0.5313000819578476,0.5495977760682156
0.747947266690197,0.2973245484806561,0.30139192021963507
-7.009185345285277,3.408674313119238,3.1605496043683035
4.896741825182688,6.14784485276531,54.3041667209069
-0.13379237851011666,-0.1307661308139211,1.1015357210027843
0.567361034221395,0.5571883770109256,0.49398115803383874
0.4876789505094353,0.5641278750906147,0.5735401966109184
1.201942971509518,-0.26713340507549266,-0.2740332102892656
33.224717971252446,6.75673017762489,5.137912971209835
2.868626968466513,3.0512503081641134,-5.021314002495409
0.3391243382595878,0.3348931920354745,0.7138618312296657
0.5488072986417822,0.5280713322179694,0.5127879306955218
0.39315171107735425,0.6577406525315603,0.6639839353746001
2.3748851302218026,-2.691293476447867,-2.8631206158598355
22.553191663976293,15.015312719916045,5.475560503296415
1.4316351868860153,1.4481174608720695,-0.6286049508394866
0.47218638567841426,0.4693195305534904,0.5886494701277787
0.5587347977589053,0.5034498864744773,0.5027466859537529
0.06191277670980926,0.9497772920316427,0.9509738202733463
4.372116102161209,-65.32753149003621,-78.2975325699688
-14.955880124664638,-13.144901581562538,3.7337519015895824
0.8284676588570357,0.8247916502840642,0.20952512010772245
0.5089214096975305,0.5123977133466239,0.5526358342058042
0.6125344623152612,0.44379159237714005,0.4474540951069066
-1.2406670065667538,1.7996498933850098,1.7621585496289303
5.64244392399513,10.961989099159288,19.757543679469176
-1.5771750832917328,-1.5061121889108244,1.9158320930384336
0.6245127757854657,0.6174995279905191,0.4349380883949237
0.5105140588264324,0.5349101247580205,0.5510597151441275
0.7906075757265484,0.2494900359130224,0.2532079115659167
-10.441337415861426,3.8223485853495656,3.482572370599381
4.608648717740263,5.556137450229055,414.6777323521739
-0.013900377903312331,-0.013617773974274088,1.0108250459113166
0.5620542769219499,0.5509303072741484,0.49937807336555134
0.4795603936046748,0.5727395006379481,0.581472175308374
1.3249164853346502,-0.44463592282475495,-0.45762020650088664
25.46480266863586,7.462801395575924,5.349225973787506
2.5797973414064685,2.7107613803533184,-3.628751302416579
0.37203189823455457,0.36776045355273684,0.6836345602830434
0.5485752059645304,0.5247608182106385,0.5130220895723655
0.36476420786432456,0.6845215088813289,0.6903510179539993
2.646622966196758,-3.6400857187776285,-3.9137339490143614
26.76992435206939,19.09031595549875,5.303352669088805
1.2939288735539078,1.3039124366667565,-0.4100594692940738
0.4816452077287393,0.479333868511722,0.5794382807498527
0.5632154058816204,0.49782383802877994,0.49819843980832457
-0.040190524818439,1.0319450564252668,1.0311202095871097
4.679883226564162,122.02479849178198,151.47597745658229
-9.439343871495163,-8.465529540631348,3.404869333356922
0.7797615019572816,0.7752751824409427,0.2655612029851276
0.5109270698710843,0.5162664427229914,0.5506507889164379
0.6286168390551305,0.426689662870179,0.4306322956351919
-1.6976290183898692,2.021629269769855,1.9668286953576901
5.634786560685738,9.691293002792216,19.86665802567273
-1.14873336360832,-1.1037463329893666,1.7170291340759454
0.6091245353835023,0.6016873516331582,0.45100324375124484
0.5083350718113374,0.5388530354060977,0.5532157753265862
0.8413595993696903,0.1913314228589177,0.19444793263491963
-16.994309541532658,4.273934593956468,3.812699726744574
4.295978928235518,5.008283759697468,-55.17923225601238
0.08325711209292276,0.08172608155958912,0.9337584097721898
0.5578132951537194,0.5455513157306752,0.5036808397372985
0.4696438462118327,0.5829645934923093,0.5911181970525423
1.4674677707922998,-0.6664937324337512,-0.6886547247643262
21.925548941078656,8.259087552022253,5.50834708150311
2.313693141430856,2.4066263034813757,-2.6614621013478263
0.3991405665341558,0.3949362514885819,0.6583754648446809
0.5489528963070592,0.5214345986487261,0.5126410233764817
0.33029735272132105,0.7165275450902545,0.7218900331653691
2.940427242789373,-4.999351819450791,-5.444154322758276
36.423680697344295,27.48156448092421,5.080769689012336
1.1753183956965623,1.1806654536275687,-0.2360376106609417
0.4893803346072192,0.48774486607226153,0.5718739120979732
0.5688006825069332,0.49124605882283234,0.4925145820937183
-0.1663292292048061,1.129007094431514,1.1253607590453751
4.960581207942246,35.6692502174512,46.19813565509752
-6.425772041041028,-5.860235541811462,3.0858184290937674
0.7388444789767064,0.7337325458889211,0.3115343925970579
0.5122442911110168,0.5198258768582154,0.5493460385394987
0.6479476628955348,0.40608966188208834,0.4102300746866391
-2.304353489416099,2.2752326520260153,2.1965213939657153
5.563434711608489,8.677551202680396,20.96416814146516
-0.8183781949981016,-0.7903695150795297,1.5421488852034506
0.5963573697537264,0.5884487428457094,0.4642375573953539
0.5053769351927152,0.5432637630464248,0.5561390864487507
0.9015875803441651,0.12045192491714737,0.12260661809493915
-33.69908514249523,4.763623346696945,4.142792196850779
3.9691116146108465,4.5003705368987035,-22.61763137135466
0.16233409933266893,0.15961833258608701,0.8685248701751713
0.5544950292668392,0.5408685329460523,0.5070411082272573
0.4575730119169312,0.5951443298239383,0.6027969423292964
1.6315597770236123,-0.9462898459157232,-0.9823640259914285
20.24719624378753,9.187730471821041,5.608915476697659
2.0721428120122902,2.137283539668674,-1.9619541758070984
0.42148822854443707,0.4174418688633578,0.637304235072211
0.5499531921604777,0.5179778721097668,0.5116314406842325
0.2883970497419386,0.7547467479850148,0.7595470183025441
3.252583151810007,-7.0705291171377445,-7.818701923463907
70.44116797023786,55.67551827046191,4.816426337927091
1.0737423325830744,1.0757819545038767,-0.09639668002913321
0.49566751758628036,0.4948498965143853,0.565704356790919
0.5756780209218026,0.48348559493731136,0.48549401480025905
-0.3230390704269945,1.2432709249093927,1.2356720208669485
5.204043427106304,22.17813103460701,30.24115509856275
-4.56040000068316,-4.217319028754103,2.7827851715373937
0.7045435294003864,0.6989255999665694,0.34932379503427946
0.5129191376165761,0.5231992216335907,0.5486772528697004
0.6711397472772485,0.38123367223300114,0.3854855458193319
-3.1308638074771067,2.5627133228601258,2.4511771320733744
5.431298569080163,7.825473286179284,23.47620966687706
-0.5599830331385124,-0.5431345290708736,1.389660192988905
0.5857949505475369,0.5773467973402808,0.4751223240448829
0.5015358944690225,0.5482928082123366,0.5599285621656308
0.9728514531616862,0.03382485593273787,0.03449315984649431
-150.0652700463961,5.29230947242851,4.46344091666528
3.6378993359323024,4.0308409985227,-12.945654489471385
0.22692104741755678,0.2234501320477322,0.8134818050520067
0.5519873239982307,0.5367223912903206,0.5095768728995148
0.44291086972206956,0.6096821166089753,0.6168909107900121
1.8189057381491727,-1.3032115337372068,-1.3605499122322133
19.69550151646297,10.321405651709526,5.646847114459039
1.8557123956369792,1.9006768544382182,-1.4409880348896138
0.4399153259294751,0.43611028047483263,0.6197580599324398
0.5516100764034044,0.5142711382838495,0.5099580676749357
0.23737463377134635,0.8003319497858536,0.8044185837589075
3.577699231084103,-10.5481138812899,-11.881905134213607
-329.93741680313565,-270.9820887248134,4.520142840426384
0.9871804348822041,0.986855559463534,0.016352857699150444
0.500729631000926,0.5008988672077792,0.5607230930704871
0.5840770272973098,0.4742688326793784,0.4768872196051976
-0.5190859642205998,1.3772462726809855,1.3641055983501649
5.401009183339783,16.647020867722187,24.16444083796128
-3.31359254982988,-3.0999438188116,2.5002691353267363
0.6758434779471171,0.6697911616014508,0.38043099326825763
0.5129751796051557,0.5265029667990472,0.5486217041892436
0.6989157530202995,0.35119488633482976,0.35545995359187726
-4.29638270551252,2.88587580029185,2.7295930876994476
5.243707161484576,7.080747424321868,28.732218586158602
-0.3555788832436307,-0.3461140931141598,1.2576971935067076
0.5770897472232743,0.5680123893343243,0.48404989505908547
0.4966768801255772,0.554111270041939,0.5647121038100951
1.0568837407383491,-0.07241166616657747,-0.07400202455680523
87.9535642632122,5.862607633378472,4.764438678460134
3.311132338760652,3.5992782054075785,-8.395350382429124
0.2798223819101375,0.2758938729587822,0.7671626244335871
0.5502052309551255,0.532971223226125,0.5113769826666953
0.42512143367376176,0.6270554636855629,0.6338570692544606
2.030773835807343,-1.76530068258048,-1.855507349541699
20.073152932243715,11.79119706893966,5.620590308392479
1.6639692530775703,1.6943705864885192,-1.0442979936443821
0.4551049439716295,0.45162405800320427,0.6051764023426588
0.5539797813903266,0.510185972356173,0.5075623799143355
0.1751097189251097,0.854620835150936,0.8577654666629831
3.9087178212809843,-17.477125950501033,-20.13055310517172
-39.911562116873135,-33.8380410767869,4.202304089304373
0.9137205516332688,0.9116959028555033,0.10784762201382586
0.5047453736188334,0.5061036935874145,0.5567626615196425
0.5942764620878099,0.4632691411258805,0.46638654690807724
-0.7664720922611956,1.5336045301386207,1.5127026531898113
5.543729549532431,13.591277863560872,21.29557782145989
-2.4361298220879926,-2.3010626057606514,2.2411496669394486
0.651872241788386,0.6454207641398918,0.40606338710826595
0.5124143736994916,0.5298509650353243,0.549177504446643
0.7321232996554371,0.31483506166617903,0.3189923522630143
-6.021253528866243,3.2459793881612877,3.029168628919124
5.008076015091836,6.411557889155323,41.69624368908574
-0.19242335203054653,-0.18786233462523658,1.1442328349232131
0.569953190638939,0.5601331877565453,0.4913397558672215
0.4906284788603049,0.5609164411400249,0.5706506328638509
1.155571675609341,-0.20324406486739047,-0.20824015358619385
39.52399493288733,6.480312131533079,5.035368843533303
2.9961590271272867,3.2055888969568813,-5.798979891967178
0.3232501977696512,0.31907457979254655,0.7282755028204839
0.5490882847091467,0.5294865482257627,0.5125044074172398
0.4035468161628682,0.6478293184457303,0.6542387821863562
2.267749362373811,-2.3752959067528683,-2.5171033409649977
21.513016244941692,13.853583133100695,5.531219739201409
1.4957511761333007,1.515691254714072,-0.7370421552220064
0.46761342746450274,0.46454466847186016,0.5930874722846073
0.5571426071123314,0.5055805037863316,0.5043604655746338
0.09891857027107802,0.9191542876478455,0.921021984275322
4.237088221414775,-37.67356638306963,-44.5746447766663
-18.869626118855784,-16.424915262918798,3.873202452638176
0.8516001687809998,0.8483407253691659,0.18239700798554853
0.5078560292623646,0.5106460925404441,0.5536894672065346
0.6066124042622529,0.4500943263875907,0.4536140329603676
-1.0820383787794445,1.715112975333531,1.6833701018982985
5.626465368416554,11.611439776572942,19.987023481160083
-1.7955596219408962,-1.7096135275863662,2.006866936542539
0.6318855153981924,0.6250413830617888,0.42719652986587797
0.5112171341758779,0.5333583583215409,0.5503635435438091
0.7717503202750217,0.27074956382543985,0.27464033963600426
-8.761818713199403,3.6437209058681086,3.345708743341489
4.733432539449907,5.79935008268005,103.66633495652013
-0.06124845998488301,-0.05994712236254496,1.047210035397817
0.564147259638076,0.5534441425082277,0.49725124058087683
0.48317646008407883,0.5689381734274576,0.577943105615255
1.2709199921528547,-0.3652036669253316,-0.3753229281129721
27.95081763997371,7.156528279695547,5.2662589213689905
2.6986801373742897,2.8494877280855664,-4.149847351459676
0.3589638453754381,0.3546949125286427,0.6956948008833069
0.5485985456937829,0.5261487474259182,0.5129985433068716
0.3773779424713064,0.6726711207660617,0.6786791297081518
2.529468962726936,-3.2018760574126,-3.426451650437547
24.613394009422812,17.08076059196256,5.382371504313536
1.3494101900184938,1.361863502038449,-0.4958617483993016
0.47789437796643286,0.4753357665689832,0.5830960099509879
0.5612055037061486,0.5002943681051688,0.5002399407984123
0.005371820476103028,0.9956915672082228,0.9957989791406179
4.553116023628018,-842.1304682227254,-1029.2235463350335
-11.316676931933427,-10.067959468917334,3.542431469600911
0.799227221941594,0.7950547403628856,0.24333974675257686
0.5101707481387303,0.5146841888275469,0.5513995674047051
0.6214878360877235,0.43427115064845745,0.43810598355657476
-1.4901242456775654,1.9245428671278815,1.8777151885853223
5.645847154881148,10.186826113951136,19.709546619188416
-1.3151101764579387,-1.2605128965567938,1.7976687348238707
0.6152515232623821,0.6079972746649458,0.4446217188231774
0.5093416018371318,0.5371455438307196,0.5522201235349693
0.8189400922039082,0.21719493829614087,0.22060103918295826
-13.638657600423151,4.079351518417682,3.6733340192381347
4.429826141865134,5.233714297962749,-112.68651172612302
0.044831812290508866,0.04397247593489839,0.964633568071499
0.5594773164544152,0.5477191801551521,0.501993661294565
0.47405545289641876,0.5784462842289919,0.5868327090017942
1.4049892337228875,-0.5669967649998868,-0.5848323315770915
23.1121640329024,7.9109475646084135,5.448229584477123
2.422710141147842,2.5302168227856017,-3.028734014754165
0.38837249971014437,0.38412816156246704,0.6684480649614912
0.5487193800765673,0.522842959308381,0.5128766352635455
0.3456163804783647,0.7023680096698546,0.7079358585039444
2.8143537170307225,-4.363233372437653,-4.7246591038435195
31.250474363906733,23.056373642938876,5.180016604131162
1.2230160309116789,1.2301245243818153,-0.30453502266616994
0.4863176649405294,0.4843819653127483,0.5748723990482707
0.5663055861781268,0.49414282215951716,0.4950556776342153
-0.10996516244602456,1.0862213784285295,1.0838781124188854
4.846473727178283,49.81182663195648,63.31077153273433
-7.5050568129007855,-6.799023748823093,3.2183894535344684
0.755185519113795,0.7503188707235872,0.2932923863453161
0.5117706211575141,0.5183582419506562,0.5498153215532534
0.6393837140536532,0.4152260904277532,0.4192934401153962
-2.0271934798877025,2.1645522893213784,2.0968371634081264
5.601079860833155,9.079996811167973,20.366214129556372
-0.9472888096807293,-0.913001171217037,1.6128824501706451
0.6014366563082758,0.5937334304374441,0.4589826232244167
0.5067221356599577,0.5413422398721915,0.5548102505776501
0.8750033414989287,0.15199355146272728,0.15460572267273662
-24.32381852617266,4.552972757938829,4.00452997269327
4.107680002589036,4.709283156024077,-30.78571420398712
0.13102444297248014,0.1287450056162481,0.894631374145737
0.5557862028447342,0.5427641040767449,0.5057342514309227
0.46293879090281637,0.5897587417981208,0.5976139341823913
1.5597963742085323,-0.820467787932801,-0.8499730151592715
20.79075832330474,8.77725219231722,5.574066285725936
2.170690652472106,2.246457846053021,-2.2303225170154084
0.412610510418382,0.4084873013790788,0.6457020124040187
0.5494548994810681,0.5194552571673547,0.5121344223733558
0.3070266139439894,0.7378439573765863,0.7428955231733284
3.119355061956457,-6.082170739695813,-6.680146174065755
49.463343776212895,38.37978142380147,4.932093124224806
1.1145230724558237,1.1178195302034712,-0.15147301169233188
0.49318404338750377,0.4920035196376072,0.5681436417458295
0.5726141742567753,0.4869103499111426,0.48862465437673913
-0.25289750006998707,1.1929569256381565,1.1871843761715632
5.106798650640537,26.17330566090016,34.88225646111343
-5.248465450853352,-4.826803561454855,2.9079671919241115
0.7182334515194042,0.7128171728851629,0.33432231841423254
0.5127115437532364,0.5217954415024947,0.5488830060226035
0.6608706979013274,0.39226215433566775,0.39647822123945764
-2.7503198155098594,2.437540088944085,2.341071994282893
5.49399323200865,8.16830767413319,22.19485356566611
-0.6611958451287201,-0.6402100740147006,1.4511847556169073
0.5899927286294143,0.5817811490368834,0.4708033564580908
0.5032669459592715,0.5460917609193607,0.5582216359357307
0.9414252051934312,0.07240556678046428,0.0737765426966285
-63.793225386782254,5.065073844396739,4.330367045633945
3.7771461584761,4.223693718029051,-16.026004276062686
0.2013255833152618,0.1981296410952229,0.8354898174022493
0.5529493573053987,0.5384103402586123,0.5086044495548425
0.4494254688482113,0.6032513326313464,0.610641144756356
1.737179540746991,-1.1421456950450015,-1.1894198888731078
19.810923689416846,9.813017421133337,5.638684143533757
1.943691504653167,1.9963551922901008,-1.642399030377681
0.43259550365336147,0.42867897671323946,0.6267466686042453
0.5508301062959774,0.5158686452533705,0.5107459717083123
0.26007106481154213,0.7801798560805515,0.7845894695727696
3.439791840487913,-8.836506011118404,-9.872612752792001
210.70636036644828,170.43479392471426,4.647990733577628
1.021884747569039,1.022459406955606,-0.028189699277246936
0.49873738811714247,0.49846898215088536,0.5626849954210167
0.5803423438514198,0.4783424362802297,0.480718773464807
-0.4311550195519873,1.3183264554255656,1.3077461689102914
5.324369355428234,18.5247814602508,26.152314472087674
-3.782321749291696,-3.522199333845647,2.616374753844759
0.6872912132092239,0.6814154192289078,0.36807825577440084
0.513026388839639,0.5251145896378404,0.548570944383658
0.6866234565072847,0.3645281423315277,0.3688008028292977
-3.7539986021074565,2.7455140735933026,2.609730263572651
5.328930872789167,7.383311914928189,26.022777984500255
-0.43588321268927926,-0.4236769250505537,1.310827090937537
0.5805445541960599,0.571744222609081,0.48051150192082526
0.49885466720224975,0.5515559050374746,0.5625695556232405
1.0198669439592114,-0.025050223176306143,-0.025576020939714058
230.98071332723865,5.617397518312227,4.640907450870678
3.4475180911402683,3.7761690558508207,-9.972114775525291
0.2588429231776536,0.2550770271984677,0.7856678004554178
0.5508707610671639,0.5345092866975979,0.5107049109499667
0.4330235945646881,0.6193688856186509,0.6263386293827093
1.938620912351483,-1.555827372631846,-1.6304249999497789
19.800082469913054,11.11975552049015,5.639445599626316
1.741666705405277,1.7776159380892507,-1.198559064367617
0.44907260612848915,0.44544507898297686,0.6109801691129414
0.5528916959190557,0.5119589748706209,0.5086627468142384
0.20282460563832552,0.8306333278075029,0.8342080111384814
3.7692956532966186,-13.874429518435948,-15.823801067567642
-66.03429984297216,-55.28255266173307,4.3379381651974285
0.9431368850393944,0.9417604496379933,0.07165444686521605
0.5031740684882828,0.5040052285185204,0.5583132558963401
0.5897472675342511,0.4681361280070793,0.47105615483998936
-0.6552256906319731,1.4649399040760085,1.447621821642185
5.490732781565879,14.696901116489661,22.25719447177023
-2.7703651485264564,-2.606773148476493,2.347156717765035
0.6614283375500088,0.6551424246867878,0.3958827701559288
0.5127261517889224,0.5284301698957783,0.5488685282037843
0.7174351955676106,0.33098060531727025,0.33519997870523216
-5.206443470381411,3.089970443583048,2.9008272588612245
5.11248139127819,6.685218706535577,34.56535915010409
-0.25667520782534997,-0.2502922304460293,1.1898317539900032
0.5727798529001102,0.563287654786881,0.4884554866595488
0.49332986937192636,0.5579202243189709,0.568000492643662
1.1121540006538855,-0.14484503833349052,-0.14823791364585437
50.262056094416494,6.214186379480023,4.9257443477328815
3.1267866806273426,3.366558708911127,-6.73811608708335
0.3060181374464962,0.30192499788233224,0.7438006466481795
0.5494799295037851,0.5309274576650699,0.5121091597892719
0.413129695116771,0.6386378535333795,0.6452118832843549
2.165024070560103,-2.09710651705255,-2.2142948734459993
20.75447565297853,12.888437826615183,5.576319557182477
1.5637293043397156,1.5876492013369699,-0.8570648200019746
0.4626482363192774,0.4593948952432399,0.597894938691804
0.5557095790618888,0.5075906051030906,0.5058118293944809
0.13285918150258297,0.8906577675288828,0.893111704018865
4.09991078962421,-25.83032686677791,-30.200020653527865
-24.729570859208582,-21.30137132969838,4.0123457399579525
0.8764503283092553,0.8736638027424717,0.15287586057275393
0.5066503919667454,0.5088058226357334,0.5548811437133965
0.6011398535680554,0.45592848304599054,0.4592900598666641
-0.9396672447256305,1.635534098529205,1.6087925590111654
5.599251943460675,12.355987716858095,20.3942394020857
-2.0418855738340267,-1.9379724054726575,2.102331166615123
0.639848593367372,0.6331704200919963,0.41880246498133994
0.5118003482309315,0.5318563138597322,0.5497858730226324
0.7542330446648808,0.2903345299505236,0.29435995222525807
-7.438086194438649,3.4718377970045493,3.2108568501109906
4.853060605746698,6.050686386373231,61.94918060779424
-0.11300479020336159,-0.11049275584872663,1.0861406873959514
0.5664402618375483,0.5561275599579624,0.4949186000025402
0.4864972067412364,0.5654000631344492,0.5746967439487628
1.22024793337067,-0.2927985940883687,-0.30050648901745164
31.487410428716803,6.86399567115404,5.174637475272875
2.821359309030879,2.994703728612418,-4.761915586573044
0.3447868637207341,0.34054112608379833,0.7086940611267099
0.548729634567204,0.5275420027724728,0.5128662893191139
0.3890022756515648,0.6616806764238705,0.6678603926098567
2.4164582440348465,-2.8218346387644573,-3.006666145986375
23.035438551000667,15.51922758672295,5.451883100849891
1.4084079017166704,1.4237065599829057,-0.5904070722158673
0.47381668525501314,0.47103075058151117,0.5870648871198132
0.5593791382746167,0.5026115937992465,0.5020932446329629
0.04708513026891498,0.9619191872130364,0.9628374854146493
4.422370287490668,-88.5850616412618,-106.71976559276317
-13.799354350194083,-12.170484313098942,3.6811688870958608
0.8201596917575978,0.8163393439559913,0.21918638113296537
0.5092884766622825,0.513038084062153,0.5522726868882025
0.6148936887566239,0.44128244646804293,0.44499496284863654
-1.305244633466194,1.8328914576785322,1.793014500929473
5.645526450977007,10.73718795612904,19.714056656821217
-1.501176074147211,-1.4350494984583795,1.8826150356916975
0.6218746664661811,0.6147964268667376,0.4377011427720819
0.5102166337865114,0.5355107157273835,0.5513541473489773
0.7980931227182191,0.24099921067933364,0.24464069281677045
-11.197144889604512,3.8915285255411183,3.534649262024613
4.560366853539019,5.4663457305486975,-1908.8096131483856
0.0029121572794879804,0.0028539108908128617,0.9977237805253539
0.5613134656330476,0.5500226509066934,0.5001303478831647
0.478118313576204,0.5742432000240418,0.5828778349022617
1.346133353119091,-0.4765144146285812,-0.4907120475397455
24.719456957040304,7.582056619080639,5.378088374267394
2.536077310738983,2.660207868292888,-3.4524441137260933
0.37668210350943454,0.3724145952961388,0.6793248544765433
0.5485935332655293,0.524238809804106,0.5130036144041834
0.3597568972686655,0.6892048731542825,0.6949650559210738
2.691628249744004,-3.822114337783229,-4.117096818522916
27.78143871388981,20.00386635724579,5.271346251086862
1.2739802751355584,1.2831235133276,-0.37991509981786187
0.4829737744757118,0.48076037943551464,0.5781410941321808
0.5640171363142513,0.4968563755736339,0.4973835475118737
-0.05831401547689351,1.0461855423665263,1.044976681076605
4.726147986033485,86.67251692198829,108.2560607721093
-8.850509243914978,-7.960094963282609,3.353792446845936
0.7728328504965031,0.7682376944531016,0.27341575004860447
0.5111792103016142,0.5168437885954285,0.5504011153513513
0.6314229991071165,0.4237037502428288,0.42768304971696275
-1.7815943502463079,2.059299409655385,2.0012327101275713
5.627750416144033,9.518190530134834,19.96829017250172
-1.0911496491934942,-1.0493281475048628,1.688015011241643
0.6069574369958889,0.5994500378463588,0.45325566018470564
0.5079259474985266,0.5395095804647466,0.5536203510240002
0.850127780459936,0.18114064669585406,0.18413378299934802
-18.584018846924693,4.348092573164006,3.8646200419099377
4.245465876075983,4.9261632837043114,-45.84773694517436
0.09673297249154311,0.09498091383789639,0.922804745917461
0.557235617549013,0.5447765689727699,0.5042662435236328
0.46791099996389435,0.584728427388505,0.5927989965671779
1.4916255739981341,-0.7059595784992384,-0.7299287118901279
21.569170541183443,8.393989223675705,5.528039594604489
2.2743248971366414,2.362318003307975,-2.5374101908403444
0.40292088187088737,0.3987354233919319,0.6548269690378349
0.5490665532477375,0.5209072629780716,0.5125263508278695
0.3242997847510496,0.7220434382797561,0.7273258208706046
2.9879458525626394,-5.264096743891342,-5.745119879101312
39.02594883426651,29.676607240447705,5.042110229970186
1.1584323681106665,1.163188259373283,-0.21224722635027934
0.4904485756760715,0.488930163284402,0.5708270122862742
0.5697784130483906,0.49012476735146693,0.4915179758463516
-0.18846666985031896,1.1455605555278154,1.1413845467688895
5.001074344296863,32.418485989511886,42.297629784829155
-6.0794039221909895,-5.557305783918956,3.0375766967390523
0.7331114002613843,0.7279144688703636,0.3178975865270038
0.5123909409437,0.5203583541540874,0.5492007388636808
0.6512691781193747,0.4025405810541725,0.40670421063918
-2.4156804051917686,2.317478060113195,2.234334355999552
5.546841566123496,8.536751424835273,21.242325972961876
-0.7741862525662628,-0.7482236497794897,1.5171150318477047
0.5945869333498869,0.586599935634009,0.4660660749057444
0.5048448215632074,0.5439961428721487,0.5566644981320924
0.9118287267225181,0.10819082246512807,0.11015535804574203
-38.82982475228445,4.842667242598349,4.193165991203448
3.9180170027453545,4.425383895309482,-20.483465846149873
0.1731744555401832,0.17031797731737786,0.859399337962991
0.5540570035477868,0.5401973792598933,0.5074842777667271
0.4554966630033011,0.5972180427258874,0.6047989510103123
1.65885108915821,-0.9956394572352624,-1.0344256612934326
20.09806611201038,9.346514124244717,5.618901598090605
2.0371835795936293,2.0987784152218394,-1.8717728731382932
0.42456209480941026,0.42054741376349947,0.6343881739004242
0.5501632819692182,0.5174276510743452,0.511419350812132
0.28120422822120306,0.7612352401019076,0.7659374043307139
3.301810298136184,-7.486113319218122,-8.299975421278583
84.5512265174223,67.25544115291362,4.77275606583726
1.0595261618794787,1.0611495170854377,-0.07749795553720348
0.49651958301064514,0.4958413132986798,0.5648667810180962
0.5768586335727705,0.48217640411636076,0.4842863960433998
-0.35024457202739206,1.2624372663874748,1.254106517060783
5.237420952915867,21.052109116323358,28.95938011116995
-4.337648776428163,-4.019000565076461,2.738114702799856
0.6998100211609362,0.6941220235011243,0.3544861082027021
0.5129682259566747,0.5237059725655662,0.5486286108774638
0.6750634920626791,0.37700925227491133,0.38127001152130124
-3.2829109436533916,2.6096958002583652,2.492185606963355
5.406085045693768,7.705838727883907,24.045602665165777
-0.525654708490948,-0.5101384983885422,1.3682377162946204
0.5843536724944894,0.5758160666104252,0.4766031273109933
0.5008660736981463,0.5491231399193476,0.5605886720864683
0.984772401118991,0.0190296116185481,0.019411537409728962
-276.0400303577074,5.376326952230971,4.5107791388211815
3.5876744683814668,3.9627055527917623,-12.049156448390766
0.23566639858570207,0.2321091802745086,0.805902615427397
0.551670619314917,0.5361296612673785,0.5098969104151709
0.4404272090886694,0.6121234026495611,0.6192684252842201
1.8494573346370915,-1.3657199681215266,-1.4271647018766846
19.693409074872694,10.518430012630878,5.6469947462936085
1.825043803887731,1.867479087526232,-1.3738144355510702
0.4424140787268251,0.438652673048966,0.6173667098341132
0.5519208093857452,0.5136801730329015,0.5096441029561688
0.22873343785492964,0.8079526390640193,0.8119136063902704
3.627605289960659,-11.287263196971937,-12.754122339832596
-165.78281811228365,-136.8696248479915,4.4731692136172745
0.9752675652891077,0.9746484701023779,0.03144453527772914
0.5014009085652157,0.5017356871828881,0.5600616198332801
0.5854929398499854,0.47273207804171835,0.47543271702159084
-0.5527745653459329,1.3993368836091131,1.3851855678684066
5.426182305768551,16.079834424523334,23.58901666680019
-3.1616864292449685,-2.9624675432372696,2.4596204675169986
0.6719431154318951,0.6658291620984205,0.3846231370366194
0.5129311380022318,0.527001698936967,0.5486653724120837
0.703541927821441,0.34615980727347945,0.3504171958171837
-4.5126499678259515,2.9376668195972027,2.7733936942550153
5.211118978270754,6.975813963880787,29.958270030788334
-0.32865569140903933,-0.32006245246934845,1.2394946165173524
0.575922018445395,0.5667410849912882,0.48524450579736655
0.4958503481783672,0.5550641496580055,0.5655246758618917
1.0707050353349503,-0.09032925032643545,-0.0923460527782671
72.97771254902257,5.952044957024618,4.807246799478718
3.2629716550338284,3.5378082211727966,-7.917248599278742
0.2868935513151457,0.28291617404640046,0.7608845685851482
0.5499959594206756,0.5324349863695976,0.5115882794595489
0.4221532973316617,0.6299312410408234,0.6366736862206908
2.064616708944735,-1.8458209583622187,-1.9423273238017873
20.21319660457587,12.053084877054788,5.61117427741878
1.6373479460778733,1.6659550101830303,-0.9933247879483196
0.4571343756071124,0.45370915581917615,0.6032200532487797
0.5543985084520212,0.5095355201727445,0.5071387819593617
0.16470524783247448,0.8635541415395961,0.8665326545537473
3.9580779141905102,-19.139216602045547,-22.126562844095293
-34.70399368758184,-29.548120633022357,4.153694344541247
0.9037775682399388,0.9015433046547849,0.11994986871531384
0.5052640133156189,0.5068187601041501,0.5562506087060785
0.595966352036414,0.4614582837041661,0.46464155417922615
-0.8085875844609297,1.5589325790395887,1.5366381430668719
5.559934915652043,13.246600507531276,21.022042617271257
-2.3281987622118345,-2.201939145541837,2.2047232183911962
0.6486646245084224,0.642155064913289,0.40946952011003596
0.5122783877600687,0.5303585745919643,0.5493122676137607
0.7375666655829946,0.3088252889198738,0.3129543075523074
-6.347218471208084,3.302555990191466,3.075145717736205
4.969586542320399,6.31752348852951,45.26243963783926
-0.17114601506858132,-0.167156228152769,1.128860036686922
0.5690134174657057,0.559072411999407,0.4922977928116428
0.4896213850930882,0.5620196233715817,0.5716377360537397
1.1715220464607963,-0.22504026163218344,-0.23066841600525875
36.96308751397619,6.576217052450772,5.072245005992676
2.950970033031498,3.1505968774377298,-5.50940403145961
0.3289776119299211,0.3247795082817039,0.7230874850801016
0.5489764415974361,0.528987321370507,0.5126172795553737
0.40000079294801755,0.6512171237283686,0.6575685654597545
2.304786200982676,-2.4813700822332465,-2.6330185738759426
21.841826208729465,14.235072835939825,5.512899256028881
1.472853875759434,1.491526617439928,-0.6978012271509877
0.46925889851537245,0.4662586333278153,0.5914917162076198
0.5576799460480046,0.5048503348195499,0.5038159982957903
0.08635545279747887,0.9296022321900966,0.9312458002253945
4.284536640949406,-44.40910668942618,-52.77514002912106
-17.335810123966485,-15.142256209698086,3.8244883159818857
0.8433297550438205,0.8399188540236262,0.19213464319740037
0.5082441542388286,0.5112671349912274,0.5533057001267749
0.6086220454592396,0.447954418880129,0.45152574696505543
-1.1353253185595615,1.7439805185065473,1.710325623470407
5.6333107352684575,11.37563307799235,19.887846957972325
-1.7165448462901836,-1.6361005825633783,1.9746594088304732
0.6292528416479866,0.6223503680032193,0.42996424238025394
0.5109872773050725,0.5338915039264222,0.5505911841288873
0.7781412389011637,0.26356516258522245,0.2674005671413658
-9.298268211237817,3.7049779370560763,3.393026872351992
4.690647242789296,5.714004621505835,138.48760571807838
-0.0443299572648882,-0.04340250287329503,1.0342946406240312
0.5633982775261673,0.5525530277951258,0.49801260575332335
0.48195938082712225,0.5702233082454226,0.5791316150586614
1.2892277578058369,-0.3918669465168085,-0.40292260193045476
26.994744375105093,7.260900273287115,5.295988340900215
2.6570821690044566,2.8007311517197127,-3.9601422081622553
0.3636087547405573,0.3593366299754087,0.6914167067765139
0.5485775837730965,0.525668800951074,0.5130197050290114
0.3731407081764276,0.6766605870933002,0.6826078169161276
2.5694418953441494,-3.3459534636106567,-3.5862953934438764
25.281128069419868,17.714411653550854,5.356144610230189
1.3298710970822263,1.3414321445159831,-0.46530911993228946
0.4792248081642602,0.4767489486636299,0.581799384560997
0.5618755550252752,0.4994621261048671,0.4995595970960236
-0.009851767026236927,1.0078776767080144,1.0076789367351748
4.5972218374831915,472.14343757506833,580.0580740514955
-10.61411949877994,-9.469741551822244,3.49493410718658
0.7923684053562854,0.7880839552455905,0.25119570542039626
0.5104454115103556,0.5152349141134686,0.5511276898340517
0.6238709427748734,0.43173708448026776,0.4356106740189443
-1.5585852245818914,1.957223629867803,1.907783006948329
5.643330978100541,10.011243922913412,19.744982528072892
-1.2559531339933812,-1.2048502616230385,1.7695241704137834
0.6130955108209898,0.6057795101611918,0.44686956808918576
0.5090128887431719,0.5377211496484338,0.5525453524366802
0.8264246082972696,0.20859132804931774,0.21190495226621736
-14.66104196282012,4.145131416641487,3.720946782747571
4.384383983069902,5.155821665869545,-83.80780047857697
0.058349451548433844,0.05724688380094459,0.9538319749349872
0.5588891051224903,0.546963490572803,0.5025902326961426
0.47259263740986435,0.5799495525786084,0.5882547424274664
1.4258675689373133,-0.5998410461823758,-0.619067320339777
22.666895499971645,8.027271689666303,5.469862764776768
2.3850610058704076,2.4873830777305836,-2.897751841133747
0.39214220319765974,0.38790955890946144,0.6649277527999766
0.5487858824605988,0.5223657607308295,0.5128095531407187
0.34055077793253735,0.7070616773569904,0.7125613407883187
2.856810255176002,-4.567511472392398,-4.955124433327582
32.766466407145074,24.36451183790431,5.147159200174588
1.2064582492371876,1.2129398016263067,-0.2805366034305421
0.48738851343417133,0.4855518172310121,0.5738245173714955
0.5671260783896225,0.49318350735122246,0.4942204229301039
-0.1284908626027467,1.1003866246566851,1.0976224207908667
4.885822780145654,43.80046487701007,56.01747380655975
-7.1139619349443874,-6.4596805370252675,3.173179767710041
0.7495132076701082,0.7445608878000481,0.29964226204285427
0.5119445004749268,0.5188591720026257,0.5496430795237639
0.6422026718736179,0.41222065649639267,0.4163144702346248
-2.1168972950584557,2.201270005301151,2.1300047736153855
5.589587897008904,8.94060132335237,20.544051913642832
-0.9022369035001139,-0.8701952825294894,1.5885412044944072
0.5996757769660829,0.591904607028593,0.4608059330947822
0.5062864446007602,0.541978011127948,0.5552407518572544
0.8837430919091831,0.14166920213588938,0.14413674552516823
-26.92961933114916,4.623129765083476,4.051217409752157
4.061153274875888,4.638184344159436,-27.546013953246067
0.14186597602632092,0.13943045784622407,0.8856333275099341
0.5553347374933341,0.5421149342699096,0.5061913103976251
0.46118687458146684,0.5915218752129181,0.5993076787139656
1.5834288416640125,-0.8612865885893822,-0.892868034475322
20.584896454131314,8.911455182099216,5.586984875131752
2.1371181872440217,2.209158747680528,-2.1364545560614157
0.4156708599413294,0.4115716673753641,0.642811177282453
0.5496083853938335,0.5189648051835297,0.5119795197167906
0.3009645975030059,0.7433597279825613,0.7483298465271182
3.163641162364103,-6.390760619455866,-7.034660494278253
54.71274413049092,42.72306094284055,4.894069339480431
1.1005740971242695,1.1034300897386249,-0.13248852327135105
0.49404015088768577,0.4929774653233114,0.5673031170967189
0.5736071081580172,0.4857952422530465,0.4876106143621379
-0.2755658530239186,1.209361161547206,1.2030081598207838
5.140104470981074,24.663449766611105,33.1147166251783
-5.005552833886382,-4.612142537889196,2.8658277363526614
0.7135532479855361,0.7080681801786635,0.3394629040129447
0.5127936264039027,0.5222648847724661,0.5488016678695777
0.6641982805532155,0.3886925855536509,0.3929225008301043
-2.870968665704743,2.4784592104422716,2.377199319406244
5.474268043867139,8.052059485544733,22.57883660140797
-0.6264232282972773,-0.6068935422618398,1.4303176909456472
0.5885591574718692,0.5802707990098223,0.47227935326068454
0.502712785014995,0.5468068216767382,0.558768245927597
0.9515977500912928,0.059983625816374564,0.061135392575515854
-79.44482166552574,5.139582473854964,4.374802369876398
3.7309464463747473,4.159035983291179,-14.890524367119651
0.21004796978443677,0.20675459430015017,0.8280189978346661
0.5526156295660608,0.5378429759141671,0.5089418486474662
0.447331924755284,0.6053226923606846,0.6126517495333605
1.7637003725674527,-1.1934613493734219,-1.2438602895405315
19.754808140113333,9.975281765302189,5.642635790831116
1.9141393179256045,1.9641422846603989,-1.573256340530176
0.43507974812718486,0.43119829792619446,0.6243776212575798
0.5510729136305281,0.5153489421572224,0.5105007416008124
0.2528058822127772,0.7866522606122542,0.7909595201604671
3.48504841041854,-9.351628695491424,-10.475635338013651
439.73304077911644,357.528657277459,4.606358515071502
1.010192384876354,1.01045685392965,-0.013085655574379376
0.4994147998518909,0.49928625864565546,0.5620181298302249
0.5815343711886178,0.47703832603857826,0.4794966213828372
-0.45908324833209907,1.337241330084097,1.3258603933203092
5.350551321279873,17.853464719011768,25.42933707186738
-3.620592285269099,-3.3768243936908373,2.5778154164112235
0.6834377594245231,0.6775032649434406,0.3722444853887583
0.5130223200894445,0.5255692071431756,0.5485749916344712
0.6905436293478987,0.36028296251885344,0.36455543044366107
-3.922098035996976,2.790720303826619,2.6485162535958535
5.302020218541595,7.282752077917733,26.810234674742205
-0.40876005797178716,-0.39750317534015434,1.2930739261532753
0.5793823681545912,0.5704937537676416,0.4817025043841459
0.49816689679104686,0.5523712794991673,0.563246458926557
1.0316627215523735,-0.040044501925068636,-0.04089743165117504
149.07163534347785,5.696483348084873,4.681729045481049
3.402836743479919,3.7177422152147295,-9.4149311967981
0.26587766274021807,0.2620543096052195,0.7794828450004281
0.5506401307003443,0.5340024013725658,0.5109378477184935
0.43052501145651334,0.6218044270757571,0.6287190011955454
1.968088317403768,-1.6213100145182007,-1.7006642866603918
19.87000296260236,11.328370182244123,5.634552053735283
1.7159453209035511,1.7500059404671382,-1.1465614199605605
0.4510878732602973,0.44750617133824033,0.6090431674826217
0.553228967216782,0.5113935291993189,0.5083217467368454
0.19410033796276324,0.8382145633135833,0.841655774295129
3.8144760504257387,-14.898773877370225,-17.04509936441009
-54.80377652209981,-46.07388582994012,4.294252314637779
0.9333782024587239,0.9317820253361979,0.08372623076936836
0.5037015570421968,0.5046984688194015,0.5577928677260605
0.5911702691191137,0.4666042768745103,0.4695901974976249
-0.6899309495538916,1.4866410932911056,1.4682203928329214
5.508987261235524,14.3164327190488,21.913703344219968
-2.657453319226832,-2.5037021662754513,2.3124419077370777
0.6582619505657866,0.6519224124307607,0.3992616160829474
0.51263853260079,0.5288855715877725,0.5489553789466153
0.7220441717993534,0.3259252415664095,0.33012752989326005
-5.45252175696593,3.1394628174771335,2.9417866094110745
5.079669046279186,6.595971573979825,36.49224816677512
-0.23534103223048128,-0.2295789856554564,1.1748263408851332
0.5718431438605674,0.562248321598769,0.4894117519160484
0.4924892825811667,0.5588594138876599,0.5688255224343963
1.1257721336453241,-0.16301739678394597,-0.16689499184222584
46.085409887610574,6.298515465569665,4.9616436076393144
3.0845569713731122,3.314183612512643,-6.416430963428128
0.3117025701684678,0.30757976090265043,0.7386931864293736
0.5493415357255464,0.5304623358121154,0.5122488497739773
0.4101495046655033,0.6415022730137517,0.6480236389417968
2.197391866878431,-2.182332932761087,-2.3068767926713996
20.970269631500262,13.179135427580926,5.563063277843863
1.5415604597939583,1.5641463217271063,-0.8173311504814311
0.4642808240122344,0.46108447454827395,0.5963155091234541
0.556149318021088,0.5069619049118422,0.5053665884609083
0.12235639881365598,0.8995184342818187,0.9017939550922248
4.14382200410493,-28.795842959041543,-33.791864009530606
-22.570353455542808,-19.50824469790329,3.9680660989760437
0.8683356741338023,0.8653917403889436,0.1625593984948623
0.5070507074363424,0.509402392776714,0.5544855563118354
0.6028316053097793,0.45412339253382883,0.4575370935866735
-0.9832629657020616,1.660290677248796,1.6320352961108673
5.609101974674434,12.107629251291993,20.24436302262477
-1.9603262822361123,-1.8624951652609527,2.0715201849782607
0.6372519791980589,0.6305214259359019,0.4215433661095736
0.5116289211230207,0.5323275955336274,0.5499557020798268
0.7596401834192777,0.2843057090482479,0.288292370881224
-7.825530675149005,3.525533033040584,3.253307956034667
4.815782860947617,5.970186404017258,70.61256896678923
-0.09611179055545747,-0.09400589299303191,1.0735288810545254
0.5656915431796204,0.5552587463906227,0.4956805696330103
0.4854799781513512,0.5664896593745312,0.5756917614892392
1.2358894874077622,-0.31493368085589174,-0.32335827607594997
30.22481075417788,6.954939859840182,5.204446806554124
2.782246322207184,2.9481681078826063,-4.557648066618655
0.34938665406161046,0.3451311587322897,0.7044859731464497
0.5486759401851943,0.5271018685175185,0.5129204762673615
0.3854478876093202,0.6650486233954772,0.67117484639043
2.45154666323798,-2.9357520237851458,-3.1322083545013357
23.48114118002031,15.971860577734331,5.431072312625265
1.3894623216712956,1.4038222495920287,-0.5596638882003447
0.47513617960855936,0.4724194197517599,0.5857814833949806
0.5599323466712581,0.5019005599774347,0.5015320691367335
0.03440109991466755,0.9722483607463254,0.9729244620237874
4.463735053291938,-124.37834958601924,-150.49911744763705
-12.93973507900947,-11.444299293459542,3.6375840331000058
0.81343372445802,0.8094984912609534,0.2269766470925001
0.5095793353784827,0.5135611836319164,0.55198490139152
0.6168986087670758,0.43915038699299,0.44290284695351195
-1.3607659663657228,1.8609524067032428,1.8190058518833097
5.646847548165399,10.55860847447725,19.69547436680121
-1.440757074560214,-1.3784618579860497,1.8556080330927522
0.6197498306944356,0.6126173839039185,0.4399239440022678
0.5099583675391227,0.5360129569320675,0.5516097937650798
0.8044215444544182,0.23379767178561164,0.23737123745767585
-11.882237820681892,3.9492835279690435,3.577718748071818
4.520120379400487,5.393122675299444,-329.78959545905815
0.016359930931727246,0.016037056877002426,0.9871748707420583
0.5607225491123502,0.549290172641206,0.5007301976215814
0.4768910194205534,0.575517727857421,0.5840733411247325
1.364052205076429,-0.5037390448923044,-0.5190012432472876
24.166005095147014,7.682430368294195,5.400941382254412
2.5003712019116255,2.6190981165432707,-3.3139823244150985
0.38042040757207746,0.3761581808976538,0.6758533297324651
0.5486208138294778,0.5238060086343925,0.5129760923702611
0.35548750753912756,0.6931887960777331,0.6988904571785437
2.7293516261445574,-3.9811663240212463,-4.29522035224039
28.725945519289603,20.845516005078174,5.243881104642036
1.2577980096542085,1.266277825372182,-0.35572885152825773
0.4840434060355077,0.4819137639914502,0.5770961026126307
0.564705082104593,0.49603376470464655,0.49668403564490465
-0.07384800455937947,1.0583110931215385,1.056767228600589
4.764069337727715,70.17352147707925,88.11090759043056
-8.399569564161878,-7.571966759753419,3.3115410949423967
0.767216503874638,0.7625340941318414,0.2797616065485034
0.5113756295846493,0.5173186337372069,0.5502065854626071
0.6338249492947309,0.42114706622445497,0.425155271371174
-1.8545268475833578,2.091304916696737,2.03038628385624
5.620687898953078,9.378295764415913,20.071692144124235
-1.0448947031006621,-1.0055545773200925,1.6642779633278681
0.6051991126122003,0.5976321078814587,0.4550813881292379
0.5075687826152852,0.5400672688016944,0.553973466208036
0.8576393085169065,0.17237617946258776,0.17525908699645562
-20.103646546151676,4.410798478646727,3.9079972136552725
4.203007091215638,4.858264216588459,-39.99712168915425
0.1076692481931041,0.10574348593885405,0.9138667015181906
0.5567699491597639,0.5441413654745182,0.5047380059998446
0.46641696029240437,0.5862444672474552,0.5942470105851481
1.5122851566210103,-0.7401654369944662,-0.7657434224492786
21.30069606217349,8.509658527459129,5.543429884046899
2.241794182874652,2.325829764590778,-2.438070430320393
0.4060027465669093,0.4018348431538996,0.6519293139414214
0.5491742848207898,0.5204617562028481,0.5124176372797857
0.3191154767230953,0.7267989612647051,0.7320121522541916
3.0282208929455896,-5.500655535718563,-6.014741494114119
41.630010926692535,31.860289464371068,5.008859730022067
1.1445537202660512,1.1488362479579888,-0.19286953530221382
0.4913198656630343,0.48990284322621735,0.569972711508631
0.5706273587861332,0.4891570450614567,0.4906522331301882
-0.20771568465143178,1.1598414168162379,1.1551968845730527
5.034479934120264,30.151100879244794,39.59064270884215
-5.80608014897432,-5.317631289849616,2.9972349994034486
0.7284001634863542,0.7231336269364368,0.3231123988070218
0.5125021749238149,0.5208044433812558,0.549090511446718
0.6541504658623173,0.39945926775271273,0.40364080007462627
-2.51406205517999,2.353824097247792,2.266761129616415
5.531691175082865,8.420532995376822,21.504693947677204
-0.7381137450002397,-0.7137801801304718,1.4963716608484052
0.5931307867057728,0.5850760695288606,0.46756876003663345
0.5043767977530077,0.544628589332828,0.5571265012898352
0.9207191229485876,0.09749653649480815,0.09928966048282022
-44.3640845871711,4.910392314227796,4.235659676326278
3.87465978949867,4.362543885454209,-18.91885051288608
0.18210104764905755,0.1791328305410873,0.8518509678196635
0.5537008596442295,0.5396378707534933,0.5078445212636654
0.45368232430957856,0.5990255518876852,0.6065466646294416
1.682485444457694,-1.0390716846676162,-1.0803065494589812
19.99068579812537,9.485469288352398,5.626212706989289
2.0079413694275696,2.0666574387556635,-1.7982300871370998
0.4271037093665855,0.423117593551579,0.6319737600924532
0.5503550644093127,0.5169541257372845,0.5112257104041285
0.2748992617597642,0.7669057603630582,0.7715213678774254
